Date,Year,BattleName,Location,Result,Coordinates,RomanCommanders,EnemyCommanders,RomanAllies,EnemyAllies,RomanStrength,EnemyStrength,RomanLosses,EnemyLosses,civil,naval
509 BC,509 BC,Battle of Silva Arsia,near the Silva Arsia (a forest nearby Rome),Roman victory. Defeat of monarchist forces and maintenance of Republican government.,41.9; 12.5,Lucius Junius Brutus † Publius Valerius Publicola,Lucius Tarquinius Superbus Aruns Tarquinius †,Rome,Tarquinii Veii,,,,,0,0
502 BC,502 BC,Battle of Pometia,,,41.9; 12.5,,,,,,,,,0,0
496 BC,496 BC,Battle of Lake Regillus,near Frascati (Rome),Roman victory,41.816667; 12.683333,Aulus Postumius Albus; Titus Aebutius Elva (master of the horse),Octavius Mamilius; Tarquinius Superbus,Roman Republic,Latin League,,,,,0,0
495 BC,495 BC,Battle of Aricia,,,41.716667; 12.666667,,,,,,,,,0,0
482 BC,482 BC,Battle of Antium,,,41.447947; 12.629053,,,,,,,,,0,0
482 BC,482 BC,Battle of Longula,,,,,,,,,,,,0,0
480 BC,480 BC,Battle of Veii (480 BC),,,42.021111; 12.390833,,,,,,,,,0,0
477 BC,477 BC,Battle of the Cremera,Cremera; Italy,Veientian (Etruscan) victory,41.9; 12.5,Kaeso Fabius Vibulanus,unknown,Roman Republic,Veii,306 men,unknown,306 men,unknown,0,0
477 BC,477 BC,Battle of Temple of Hope,,,,,,,,,,,,0,0
477 BC,477 BC,Battle of Colline Gate (477 BC),,,41.907339; 12.498714,,,,,,,,,0,0
458 BC,458 BC,Battle of Mons Algidus,Algidus Mons; near Rome,Roman victory,41.73; 12.7,Quinctius Cincinnatus; Minucius Esquilinus,Gracchus Clelius,Roman Republic,Aequi,,,,,0,0
446 BC,446 BC,Battle of Corbione,,,,,,,,,,,,0,0
396 BC,396 BC,Battle of Veii,Veii; near Rome,Decisive Roman victory,42.02389; 12.40139,Furius Camillus,,Roman Republic,Veii (Etruscan city),,,,,0,0
390 BC,390 BC,Battle of Allia River,Allia River; near Rome,Decisive Gallic victory,41.978544; 12.512264,Quintus Sulpicius,Brennus,Roman Republic,Gauls,around 24;000 warriors,around 12;000 warriors,,,0,0
342 BC,342 BC,Battle of Mount Gaurus,Monte Barbaro; near Cumae; Italy,Roman victory,40.848611; 14.053611,Valerius Corvus,,Roman Republic,Samnium,,,,,0,0
341 BC,341 BC,Battle of Suessola,,,40.983; 14.4,,,,,,,,,0,0
339 BC,339 BC,Battle of Vesuvius,near Vesuvius; Italy,Roman decisive victory,40.816667; 14.433333,Unknown,Publius Decius Mus† Titus Manlius Torquatus,Latins,Roman Republic,2000,1200,over 1;000,less than 500,1,0
338 BC,338 BC,Battle of Trifanum,unidentified; in Caserta province; Italy,Roman victory,41.066667; 14.333333,Manlius Imperiosus,Unknown,Roman Republic,Latins,,,,,1,0
321 BC,321 BC,Battle of the Caudine Forks,Caudine Forks,Samnite victory,41.061111; 14.633333,Titus Veturius Calvinus Spurius Postumius Albinus,Gaius Pontius,Roman Republic,Samnium,Unknown,Unknown,Insignificant,Insignificant,0,0
316 BC,316 BC,Battle of Lautulae,near Terracina; Italy,Samnite victory,41.283333; 13.25,Fabius Maximus Rullianus,,Roman Republic,Samnium,,,,,0,0
310 BC,310 BC,Battle of Lake Vadimo,Lake Vadimo; Italy,Roman Victory,,Lucius Papirius Cursor,,Roman Republic,Etruscans,,,,,0,0
305 BC,305 BC,Battle of Bovianum,Boiano or Pietrabbondante; Italy,Decisive Roman victory [1],41.75; 14.383333,Tiberius Minucius Augurinus; Lucius Postumius Megellus,Statius Gellius,Roman Republic,Samnium,,,,,0,0
298 BC,298 BC,Battle of Camerinum,Camerinum (modern Camerino); Italy,Samnite victory,43.140278; 13.068889,Lucius Cornelius Scipio Barbatus,,Roman Republic,Samnium,,,,,0,0
297 BC,297 BC,Battle of Tifernum,Città di Castello (Perugia; Umbria); Italy,Roman victory,43.112222; 12.388889,Fabius Maximus Rullianus Lucius Cornelius Scipio Barbatus,Gellius Statius,Roman Republic,Samnium,20000,25000,2;000 dead,3;400 dead; 830 captured,0,0
295 BC,295 BC,Battle of Sentinum,Sentinum (Sassoferrato; Marche); Italy,Decisive Roman victory,43.433611; 12.858333,Publius Decius Mus† Fabius Maximus Rullianus,Egnatius,Roman Republic,Samnium Gaul,40000,50000,8;000 dead,25;000 dead; 13;000 captured,0,0
293 BC,293 BC,Battle of Aquilonia,Aquilonia; Italy,Roman victory,40.983333; 15.466667,,,Roman Republic,Samnium,,,,,0,0
285 BC,285 BC,Battle of Arretium,Arretium; Italy,Gallic victory,43.473333; 11.87,Lucius Caecilius Metellus Denter,Britomaris,Roman Republic,The Senones,5000,8000,3;500-4;000,1;200-2;000,0,0
283 BC,283 BC,Battle of Lake Vadimo,Lake Vadimo; Italy,Roman victory,,Publius Cornelius Dolabella,,Roman Republic,Etruscans; Gauls,,,,,0,0
282 BC,282 BC,Battle of Populonia,Populonia; Italy,Roman victory,42.989444; 10.491389,,,Roman Republic,Etruscans,,,,,0,0
280 BC,280 BC,Battle of Heraclea,Heraclea; Basilicata; southern Italy,Greek Pyrrhic victory,40.2; 16.667,Publius Valerius Laevinus,Pyrrhus of Epirus,Roman Republic,Epirus,45200,31;500 infantry; 4;000 cavalry; 20 war elephants,7;000 killed,4;000 killed,0,0
279 BC,279 BC,Battle of Asculum,Asculum; modern Ascoli Satriano; Apulia; Italy,Greek Pyrrhic victory,41.215556; 15.557778,Publius Decius Mus,Pyrrhus of Epirus,Roman Republic,Epirus; Magna Graecia,40;000 cavalry and infantry; 300 anti-elephant devices,40;000 cavalry and infantry; 20 war elephants,8;000 killed,3;000 killed,0,0
275 BC,275 BC,Battle of Beneventum,Beneventum (modern Benevento); Campania; Italy,Inconclusive; claimed by some to be a narrow Roman victory,41.133333; 14.783333,Manius Curius Dentatus,Pyrrhus of Epirus,Roman Republic,Epirus; Magna Graecia,17;000 infantry; 1;200 cavalry,20;000 infantry; 3;000 cavalry; 20 elephants,9;000 killed,11;000 killed,0,0
261 BC,261 BC,Battle of Agrigentum,Agrigentum,Roman victory,37.316667; 13.583333,L. Postumius Megellus Q. Mamilius Vitulus,Hanno Hannibal Gisco,Roman Republic,Carthage,40000,50;000 Plus the garrison of Agrigentum,1200,3000,0,0
260 BC,260 BC,Battle of the Lipari Islands,Lipara harbour; Sicily,Carthaginian victory,38.466667; 14.95,Boodes Hannibal Gisco,Gnaeus Cornelius Scipio Asina,Carthage,Roman Republic,About 20 ships,About 17 ships,4 ships,Fleet captured,0,1
260 BC,260 BC,Battle of Mylae,Offshore Mylae; northern Sicily,Roman victory,38.216667; 15.233333,Gaius Duilius,Hannibal Gisco,Roman Republic,Carthage,90 ships,130 ships[1],11 ships,50 ships,0,1
258 BC,258 BC,Battle of Sulci,near Sulci; Sardinia,Roman victory,39.066667; 8.45,Gaius Sulpicius Paterculus,Hannibal Gisco,Roman Republic,Carthage,,,,,0,0
257 BC,257 BC,Battle of Tyndaris,Tindaris; Sicily,Roman victory,38.14556; 15.03972,Gaius Atilius Regulus,Hamilcar,Rome,Carthage,,,,,0,0
256 BC,256 BC,Battle of Cape Ecnomus,Offshore Cape Ecnomus; in Sicily,Roman victory,37.108333; 13.946944,Marcus Atilius Regulus Lucius Manlius Vulso Longus,Hamilcar Hanno,Roman Republic,Carthage,About 330 ships Approx. 140;000 rowers and marines,About 350 ships In excess of 150;000 rowers and marines[1],24 ships sunk,30 ships sunk 65 ships captured,0,1
256 BC,256 BC,Battle of Adys,Hill outside Adis; modern Oudna,Roman victory,36.635894; 10.096906,Marcus Atilius Regulus,Bostar Hamilcar Hasdrubal,Roman Republic,Carthage,15;000 Infantry 500 Cavalry,5;000+ Infantry 500 Cavalry unknown number of elephants,minimal,3;700 infantry 300 calvery elephants escaped,0,0
255 BC,255 BC,Battle of Tunis,Tunis,Decisive Carthaginian victory,36.8; 10.183333,Marcus Atilius Regulus  (POW),Xanthippus,Roman Republic,Carthage,15;000 infrantry 500 Cavalry,12;000 Infantry 4;000 Cavalry 100 Elephants,12;000 dead 500 captured,800 dead (According to Polybios),0,0
251 BC,251 BC,Battle of Panormus,Panormus (present-day Palermo),Roman victory,38.116667; 13.366667,Lucius Caecilius Metellus,Hasdrubal,Rome,Carthage,60000,21000,2500,11000,0,0
249 BC,249 BC,Battle of Drepana,Off Drepana; Sicily,Decisive Carthaginian victory,38.016667; 12.516667,Ad Herbal Hamilcar,Publius Claudius Pulcher,Carthage,Roman Republic,About 120 ships,About 120 ships,None,93 ships captured or sunk,0,1
242 BC,242 BC,Battle of the Aegates Islands,Aegadian Islands; western Sicily,Decisive Roman victory; Marks end of First Punic War,37.966667; 12.2,Gaius Lutatius Catulus,Hanno the Great,Roman Republic,Carthage,About 200 ships,About 250 ships,30 ships sunk,50 ships sunk 70 ships captured,0,1
225 BC,225 BC,Battle of Faesulae,Faesulae; Italy,Gallic victory,43.807222; 11.291944,Lucius Aemilius Papus and a Roman Praetor,,Roman Republic,Gauls,,~10;000,~6.000,,0,0
224 BC,224 BC,Battle of Telamon,Campo Regio; near Telamon (modern Talamone in Tuscany),Decisive Roman victory,42.555056; 11.132755,Atilius Regulus †; Aemilius Papus,Concolitanus; Aneroëstes †,Roman Republic,Gauls,70;000 infantry; 5;400 cavalry,50;000 infantry; 20;000 cavalry,10;000 killed,40;000 killed; 10;000 captured,0,0
222 BC,222 BC,Battle of Clastidium,Clastidium; Italy,Roman victory,45.017; 9.133,Marcellus,Viridomarus†,Roman Republic,Gauls,,,,,0,0
218 BC Summer,218 BC,Battle of Lilybaeum,Near Lilybaeum; Sicily,Roman victory,37.8; 12.433333,Unknown,Amellius; Praetor of Sicily,Carthage,Roman Republic,35 Quinqueremes,20 Quinqueremes and Triremes,7 ships captured,Unknown,0,1
218 BC Fall,218 BC,Battle of Cissa,Cissa; present-day Spain,Roman victory,41.115697; 1.249594,Hanno,Gnaeus Cornelius Scipio Calvus,Carthage,Roman Republic,10;000 infantry; 1;000 cavalry,20;000 infantry; 2;200 cavalry,6;000 killed; 2;000 captured,unknown,0,0
218 BC November,218 BC,Battle of the Ticinus,Right bank of lower Ticino River; present-day Italy,Carthaginian victory,45.25; 8.866667,Hannibal,Publius Cornelius Scipio the elder,Carthage,Roman Republic,6;000 cavalry,3;100 cavalry 7;200 velites ,minimal,2300,0,0
218 BC 18 December,218 BC 18,Battle of the Trebia,Trebbia River; present-day Italy,Decisive Carthaginian victory,45.05; 9.6,Hannibal,Tiberius Sempronius Longus,Carthage,Roman Republic,30;000 men: (20;000 heavy infantry 10;000 cavalry; 2 war elephants) ,42;000 men: (18;000 legionaries; 20;000 Italian allies; 4;000 cavalry; ,4-5;000 of his best Libyan and Celtic troops (perhaps 3;000 Libyans and 2;000 Gauls),Approximately 26;000-28;000; up to 32;000 total casualties,0,0
217 BC Spring,217 BC,Battle of Ebro River,Mouth of Ebro River; present-day Spain,Decisive Roman victory,40.72; 0.863056,Himilco,Gnaeus Cornelius Scipio Calvus,Carthage,Roman Republic,40 Quinqueremes,55 Quinqueremes and Triremes,4 sunk; 25 captured,Unknown,0,1
217 BC 24 June,217 BC,Battle of Lake Trasimene,Lake Trasimene; Italy,Decisive Carthaginian victory,43.13944; 12.1075,Hannibal,Gaius Flaminius †,Carthage,Roman Republic,50;000+ soldiers,40;000 soldiers,2;500 killed and many dead from wounds[1],15;000 killed[2],0,0
217 BC Summer,217 BC,Battle of Ager Falernus,Mount Callicula; Campania; present-day Italy,Carthaginian victory,41.1; 14.3,Hannibal Barca,Quintus Fabius Maximus,Carthage,Roman Republic,2;000 infantry; 2;000 Oxen; 2;000 Camp Followers,4;000 infantry; plus reserves,Light,1;000+,0,0
216 BC 2 August,216 BC,Battle of Cannae,Cannae; Italy,Decisive Carthaginian victory,41.302; 16.135,Hannibal,Gaius Terentius Varro; Lucius Aemilius Paullus †,Carthaginian Republic Allied African; Spanish; and Gallic tribes,Roman Republic Allied Italian states,50;000: 32;000 heavy infantry; 8;000 light infantry; 10;000 cavalry,86;400: 40;000 Roman infantry; 40;000 Allied infantry; 2;400 Roman cavalry; 4;000 Allied cavalry,Killed: 8;000 (Livy) 5;700 (Polybius) * 4;000 Gallic * 1;500 Spanish and African * 200 cavalry,Killed: (according to Livy) 45;500 Romans and allied infantry 2;700 Roman and allied cavalry Captured: 3;000 Roman and allied infantry 1;500 Roman and allied cavalry (See Casualties section),0,0
216 BC,216 BC,First Battle of Nola,Nola; present-day Italy,Stalemate,40.933333; 14.533333,Hannibal,Marcus Claudius Marcellus,Carthage,Roman Republic,,,,,0,0
215 BC,215 BC,Second Battle of Nola,Nola; present-day Italy,stalemate,40.933333; 14.533333,Hannibal,Marcus Claudius Marcellus,Carthage,Roman Republic,,,,,0,0
214 BC,214 BC,Third Battle of Nola,Nola; present-day Italy,Stalemate,40.933333; 14.533333,Hannibal,Marcus Claudius Marcellus,Carthage,Roman Republic,,,,,0,0
212 BC,212 BC,First Battle of Capua,Capua; present-day Italy,Carthaginian victory,41.1; 14.2,Hannibal,Quintus Fulvius Flaccus; Appius Claudius Pulcher,Carthage,Roman Republic,20;000 and approximately 2000 Numidians plus Capuan allies,8 Legions; approximately 40;000,minimal,unknown,0,0
212 BC,212 BC,Battle of the Silarus,near Silarus River (modern Sele River); Italy,Decisive Carthaginian victory,40.483333; 14.933333,Hannibal,Marcus Centenius Penula †,Carthage,Roman Republic,25;000-30;000,16000,moderate (probably several Thousand),15;000 killed; 1;000 wounded or captured,0,0
212 BC,212 BC,Battle of Herdonia,Herdonia (modern Ordona; Foggia); present-day Italy,Decisive Carthaginian victory,41.464167; 15.546111,Hannibal,Gnaeus Fulvius Flaccus,Carthage,Roman Republic,20;000-30;000,18000,Minimal,16000,0,0
211 BC,211 BC,Battle of the Upper Baetis,Near Upper Baetis River,Decisive Carthaginian victory,36.783; -6.35,Hasdrubal Barca Mago Barca Hasdrubal Gisco,Publius Cornelius Scipio† Gnaeus Cornelius Scipio Calvus†,Carthage,Roman Republic,35;000 infantry; 3;000+ cavalry; 3;000 Numidians; 7;500 Iberian tribals;,30;000 infantry; 3;000 cavalry; 20;000 Celt-Iberian mercenaries,Unknown,About 22;000,0,0
211 BC,211 BC,Second Battle of Capua,Capua; present Italy,capture of Capua by the Romans,41.1; 14.2,Hannibal; Bostar; Hanno; son of Bomilcar,Quintus Fulvius Flaccus; Appius Claudius Pulcher,Carthage; Capua,Roman Republic,,,,,0,0
210 BC,210 BC,Second Battle of Herdonia,Herdonia (modern Ordona; Foggia); present-day Italy,Decisive Carthaginian victory,41.464167; 15.546111,Hannibal,Gn. Fulvius Centumalus,Carthage,Roman Republic,approximately 25;000,less than 20;000,minimal,up to 13;000 killed,0,0
210 BC,210 BC,Battle of Numistro,Numistro; Lucania,Inconclusive,38.9755968; 16.3197908,Hannibal,Marcus Claudius Marcellus,Carthage,Roman Republic,,,,,0,0
209 BC,209 BC,Battle of Canusium,Canusium; Apulia; present-day Italy,Indecisive,41.008611; 16.512778,Hannibal,Marcellus,Carthage,Roman Republic,16000,approximately 20;000,reportedly 2;000 killed,more than 5;700 killed,0,0
209 BC,209 BC,First Battle of Lamia,Lamia; Greece,Macedonian victory,38.9; 22.433333,Philip V of Macedon,Pyrrhias,Macedon,Aetolia; Roman Republic; Pergamum,,,,Heavy,0,0
209 BC,209 BC,Second Battle of Lamia,Lamia; Greece,Macedonian victory,38.889; 22.434,Philip V of Macedon,Pyrrhias,Macedon,Aetolian League; Roman Republic; Pergamum,strength2= casualties1= casualties2= ,,,,0,0
208 BC,208 BC,Battle of Baecula,Baecula (Santo Tomé; Jaén); present-day Spain,Roman victory; Hasdrubal departed Iberia without sufficient force to march on Italy immediately,38.016667; -3.1,Hasdrubal Barca,Scipio Africanus Major,Carthage,Roman Republic,25;000 men + Iberian allies,35;000 men,About 6;000 killed; 10;000 captured,2000,0,0
207 BC,207 BC,Battle of Grumentum,Grumentum; present-day Italy,minor Roman victory,40.283333; 15.883333,Hannibal; Mago,Gaius Claudius Nero,Carthage,Roman Republic,5000,6;000 infantry 600 calvary,800 killed; 700 captured,500 killed,0,0
207 BC,207 BC,Battle of the Metaurus,Metaurus River; Marche; present-day Italy,Decisive Roman victory,43.833333; 13.05,Hasdrubal Barca †,Marcus Livius Salinator; Gaius Claudius Nero; Porcius Licinus,Carthage,Roman Republic,~30;000 soldiers: (25;000 infantry and 5;000 cavalry) and 15 war elephants ,47;000 soldiers: (8 Roman legions plus Nero's reinforcements of 7;000) ,20;000 (10;000 killed and 10;000 captured; according to the Greek Historian Polybios) ,2;000 killed (according to Polybios),0,0
207 BC,207 BC,Battle of Carmona,Carmone; Iberia; present-day Spain,Roman Victory,37.466667; -5.633333,Hasdrubal Gisco,Publius Cornelius Scipio,Carthage,Roman Republic,70;000 foot; 5;000 horse; 36 elephants,approximately 20;000 foot and 1;500 horse,15;000 killed,800 killed,0,0
206 BC,206 BC,Battle of Ilipa,Ilipa (or Silpia); ten miles north of modern Seville; Spain,Decisive Roman victory; Carthaginian hold on Iberia forever broken,37.377222; -5.986944,Mago Barca Hasdrubal Gisco Masinissa,Scipio Africanus Major,Carthage,Roman Republic,54;500 men (50;000 infantry and 4;500 cavalry)+ 32 war Elephants[1],48;000 men (45;000 infantry and 3;000 cavalry),48;500 killed or captured (6;000 soldiers escaped),approx. 7;000 killed,0,0
204 BC,204 BC,Battle of Crotona,Crotone; Calabria; present-day Italy,Indecisive,39.083333; 17.116667,Hannibal,Sempronius Tuditanus Publius Licinius Crassus,Carthage,Roman Republic,unknown,four legions,,,0,0
203 BC,203 BC,Battle of Bagbrades,Near Utica; North Africa,Roman victory,37.057944; 10.0625972,Scipio Africanus Masinissa Gaius Laelius,Hasdrubal Gisco Syphax,Roman Republic,Carthage,Unknown,30000,Unknown,Rout of whole army,0,0
202 BC,202 BC,Battle of Zama,Zama; near Carthage,Decisive Roman victory; Marks end of Second Punic War,36.115; 9.284444,Hannibal,Scipio Africanus,Carthage,Roman Republic,51;000: 45;000 infantry 6;000 cavalry 80 war elephants[1],40;000: 34;000 infantry 6;000 cavalry[1],20;000 killed 20;000 captured,5500,0,0
200 BC,200 BC,Battle of Cremona,Cremona; Italy,Roman victory,45.133333; 10.033333,Lucius Furius Purpurio,Hamilcar,Roman Republic and allies,Gauls,,40000,2000,more than 35;000,0,0
198 BC,198 BC,Battle of the Aous,,,40.64278; 19.31722,,,,,,,,,0,0
197 BC,197 BC,Battle of Cynoscephalae,Thessaly,Decisive Roman victory,39.641667; 22.416667,T. Quinctius Flamininus,Philip V of Macedon,Roman Republic Aetolian League allies,Macedon,about 33;400 men or about the same number as the Romans according to Plutarch [1],25;500 men according to Plutarch [2],about 2;000 killed or wounded,8;000 killed; 5;000 captured,0,0
194 BC,194 BC,Battle of Placentia,Modern-day Piacenza; Italy,Roman victory,45.047778; 9.700556,Tiberius Sempronius,,Roman Republic,Boii,,,,,0,0
194 BC,194 BC,Battle of Gythium,Gytheio in Mani; Greece.,Allied Victory,36.761667; 22.565,Dexagoridas; † Gorgopas,Titus Quinctius Flaminius; Eumenes II of Pergamum,Sparta,Rome; Achaean League; Rhodes; Pergamum; Macedon,-,About 50;000 men,-,-,0,0
193 BC,193 BC,Battle of Mutina,Modern-day Modena; Italy,Roman pyrrhic victory,44.65; 10.933333,Merula,Unknown,Roman Republic,Boii,,,,,0,0
191 BC,191 BC,Battle of Thermopylae,Thermopylae,Decisive Roman victory,38.805278; 22.562778,Manius Acilius Glabrio,Antiochus III the Great,Roman Republic,Seleucid Empire,22;000 and a few elephants,10;500 and some allies,According to traditional accounts only 200 Romans killed or wounded,10;000 killed and prisoners,0,0
190 BC,190 BC,Battle of the Eurymedon,Near Eurymedon river,Rhodes/Roman victory,37.191973; 31.181033,Eudamos,Hannibal,Rhodes/Roman Republic,Seleucid Empire,,,,,0,0
190 BC,190 BC,Battle of Myonessus,Myonessus; near Teos,Roman victory,38.1721; 26.7907,Lucius Aemilius Regillus Eudorus,Polyxenidas of Rhodes,Roman Republic Rhodes,Seleucid Empire Rhodians,83 ships (25 Rhodians),90 ships,2 ships,13 ships captured; 16 sunk,0,1
190 BC December,190 BC,Battle of Magnesia,Near Magnesia ad Sipylum; Lydia (modern Turkey),Decisive Roman victory,38.613056; 27.425833,Lucius Cornelius Scipio Asiaticus; Scipio Africanus; Eumenes II of Pergamum,Antiochus III the Great; Zeuxis ; Seleucus [1],Roman Republic,Seleucid Empire,30;000 (ancient sources)[2] 50;000 (Grainger)[3],70;000 (ancient sources)[2] 50;000 (Grainger)[4],at least 349 (ancient sources)[5] 5;000 (Grainger)[6],up to 50.000 dead and captured (ancient sources)[2][5] 10;000 (Grainger)[6],0,0
189 BC,189 BC,Battle of Mount Olympus,Mount Olympus in Galatia; Asia Minor.,Roman-Pergamese Victory,40.06944; 29.22139,-,Gnaeus Manlius Vulso; Attalus,Galatian Gauls,Rome; Pergamum,Over 50;000[1],-,10;000 dead; 40;000 captured[1],Light,0,0
189 BC,189 BC,Battle of Ancyra,Galatia; Asia Minor; present day Turkey,Roman Allied victory,39.875; 32.8333,Eposognatus Orgiagon Chiomara,Gnaeus Manlius Vulso; Attalus,Galatians,Roman Republic; Pergamum,Over 50;000 men,Unknown number of Romans; 2;800 Pergamese troops,,,0,0
181 BC,181 BC,Battle of Manlian Pass,Manlian Pass; Celtiberia (Spain),Roman victory,,Q. Fulvius Flaccus,unknown,Roman Republic,Celtiberians,,,4491,17000,0,0
171 BC,171 BC,Battle of Callicinus,Near Larissa,Macedonian victory,39.632098; 22.419935,Perseus of Macedon,Licinius Crassus,Macedon,Roman Republic,,,20 cavalry; 20 infantry,200 cavalry; 2000 infantry,0,0
168 BC,168 BC,Battle of Pydna,Near Pydna,Decisive Roman victory,40.36528; 22.61306,Perseus (POW),Lucius Aemilius Paullus,Macedon,Roman Republic,44000,38000,25;000 killed and wounded,1;000+ dead; numerous wounded,0,0
148 BC,148 BC,Second battle of Pydna,Near ancient Pydna,Decisive Roman victory,40.36528; 22.61306,Quintus Caecilius Metellus,Andriscus,Rome,Popular uprising in Macedon,,,,,0,0
146 BC,146 BC,Battle of Carthage,Carthage (near modern Tunis),Decisive Roman victory; Marks end of Punic Wars: Destruction of Carthage's city and empire.,36.853056; 10.323056,Scipio Aemilianus Manius Manilius,Hasdrubal the Boeotarch,Roman Republic,Carthage,80;000 men and 4;000 cavalry[citation needed],500;000: 90;000 defenders; 410;000 civilians[citation needed],17;000 killed[citation needed],445;000 killed; 55;000 enslaved[citation needed],0,0
146 BC,146 BC,Battle of Corinth,Corinth,Sack of Corinth,37.933333; 22.933333,Lucius Mummius Achaicus,Diaeus,Roman Republic,Achaean League,23;000 infantry; 3;500 cavalry,"14;000 infantry;
600 cavalry",,,0,0
112 BC,112 BC,Battle of Noreia,Noreia,Cimbrian Victory,46.7; 14.433333,"
Gnaeus Papirius Carbo","King Boiorix
King Teutobod",Roman Republic,"Cimbri
Teutones
Ambrones",30000,300000,24000,unknown,0,0
109 BC,109 BC,Battle of the Rhone River,,,,,,,,,,,,0,0
108 BC,108 BC,Battle of the Muthul,near Muthul river; Numidia,Indecisive,,Jugurtha Bomilcar,Quintus Caecilius Metellus Gaius Marius,Numidia,Roman Republic,20.000 men (light infantry; cavalry); 84 war elephants,35.000 infantry men,Low,High,0,0
107 BC,107 BC,Battle near Burdigala,,,44.838611; -0.578333,,,,,,,,,0,0
105 BC,105 BC,Battle of Arausio,Arausio; on the Rhône River;  France,Decisive Cimbrian and Teutonic victory,44.138334; 4.809723,King Boiorix King Teutobod,Quintus Servilius Caepio Gnaeus Mallius Maximus,Cimbri Teutones, Roman Republic,About 200;000,80;000 troops (10-12 legions); up to 40;000 auxiliaries and camp followers,15;000 killed,80;000 killed[2][3][4] or up to 120;000 killed if support troops and camp followers included[5][6],0,0
102 BC,102 BC,Battle of Aquae Sextiae,modern Aix-en-Provence;  France,Decisive Roman victory,43.531127; 5.454025	,King Teutobod (POW),Gaius Marius,Teutones, Roman Republic,about 120;000 warriors,40;000 men (6 legions with cavalry and auxiliaries),about 90;000 killed 20;000 captured,less than 1;000 killed,0,0
101 BC,101 BC,Battle of Vercellae,Vercellae in Cisalpine Gaul; Northern Italy,Decisive Roman victory,45.316667; 8.416667,King Boiorix †,Gaius Marius; Quintus Lutatius Catulus,Cimbri, Roman Republic,about 210;000,50;000 men (8 legions with cavalry and auxiliaries),about 140;000 killed; 60;000 captured,less than 1;000 killed,0,0
89 BC,89 BC,Battle of Fucine Lake,Fucine Lake,rebel victory,41.995; 13.547222,,Lucius Porcius Cato,Italian rebels,Roman Republic,,,,,1,0
89 BC,89 BC,Battle of Asculum,Asculum; modern Ascoli Piceno; Italy,decisive Roman victory,41.215556; 15.557778,Pompeius Strabo,,Roman Republic,Italian rebels,,,,,1,0
86 BC,86 BC,Battle of Chaeronea,Chaeronea; Boeotia (modern Greece),Roman Victory,38.516667; 22.85,Sulla,Archelaus,Roman Republic,Pontus,40000,120000,12,110 000,0,0
85 BC,85 BC,Battle of Orchomenus,Orchomenus; Beotia (modern Greece),Roman victory,38.483333; 22.983333,Sulla,Archelaus,Roman Republic,Pontus,15;000-16;000,75;000-80;000,about 100,heavy; suggested some 15;000,0,0
83 BC,83 BC,Battle of Mount Tifata,near Mount Tifata,Aristocratic victory,,Lucius Cornelius Sulla,Gaius Norbanus,Aristocrats,Populars,,,,,1,0
82 BC,82 BC,Battle of Colline Gate,Rome; Italy,Decisive Optimate victory,41.907339; 12.498714,Lucius Cornelius Sulla; Marcus Licinius Crassus,Pontius,Optimates,Populares,,,,,1,0
80 BC,80 BC,Battle of the Baetis River,near the Baetis River; Hispania,rebel victory,,Quintus Sertorius,Lucius Fulfidas,Sertorius' rebels,Roman Republic,,,,,1,0
73 BC,73 BC,Battle of Cyzicus,Cyzicus (modern Turkey),Roman victory,39.740833; 27.819167,Lucullus,Mithridates VI of Pontus,Roman Republic,Pontus,,,,,0,0
72 BC,72 BC,Battle of Cabira,Cabira (modern Turkey),Roman victory,,Lucullus,Mithridates VI of Pontus,Roman Republic,Pontus,,,,,0,0
72 BC,72 BC,Battle of Picenum,,,,,,,,,,,,1,0
72 BC,72 BC,Battle of Mutina I,,,44.65; 10.933333,,,,,,,,,1,0
71 BC,71 BC,Battle of Campania,,,,,,,,,,,,1,0
71 BC,71 BC,Battle of Campania II,,,,,,,,,,,,1,0
69 BC,69 BC,Battle of Tigranocerta,Tigranocerta; Armenia (modern Turkey),Roman victory,38.142222; 41.001389,Lucius Licinius Lucullus Legatus Fannius Legatus Sextilius Legatus Hadrianus,Tigranes the Great Taxilés Mancaeus, Roman Republic, Kingdom of Armenia,40;000 men consisting of: 24;000 infantry 3;300 Roman and 10;000 Gallic and Thracian cavalry Bithynian infantry [1],80;000 - 100;000 men consisting of: Adiabenians; Corduenians; Iberians; Medians 20;000 - 25;000 Armenians [1],Unknown,Unknown; estimates given from 10;000 to 100;000[2],0,0
68 BC,68 BC,Battle of Artaxata,Artaxata; Armenia,Roman victory [1],39.953889; 44.550556,Lucullus,Tigranes II,Roman Republic,Kingdom of Armenia; Iberian Spearman,,,,,0,0
66 BC,66 BC,Battle of the Lycus,Lycus River; Ionia (modern Turkey),Roman victory,38.484444; 27.140556,Pompey,Mithridates VI,Roman Republic,Pontus,,,,,0,0
58 BC June,58 BC,Battle of the Arar,Gaul (France),Roman victory,45.7275; 4.817778,Julius Caesar,,Roman Republic,Helvetii,3 Roman legions,,,,0,0
58 BC July,58 BC,Battle of Bibracte,Saône-et-Loire; France,Roman victory; Helvetii Surrender,46.666667; 4.7,Julius Caesar,Divico,Roman Republic,Mainly Helvetii; Boii; Tulingi; Rauraci,6 Roman legions plus auxiliaries,according to Caesar: 368;000: 90;000 warriors 278;000 non-combatants,some 5;000 killed or wounded,238;000 killed or captured,0,0
58 BC September,58 BC,Battle of Vosges,Alsace;  France,Decisive Roman victory,48.5; 7.5,Julius Caesar,Ariovistus,Roman Republic,Germanic Suebi,about 30;000+ men (6 legions with cavalry and auxiliaries),70;000 German warriors,6;000 killed or wounded,about 35;000 killed,0,0
57 BC,57 BC,Battle of the Axona,Near modern Aisne; France, Roman Victory,49.5; 3.5,Julius Caesar,Galba of Suessiones,Roman Republic,Belgae,about 40;000 men (8 legions with cavalry and auxiliaries),at least 50;000 Suessiones; possibly up to the entire the Belgic alliance of 288;000 men,less than 1;000 killed,about 10;000 kiled,0,0
57 BC,57 BC,Battle of the Sabis,Gaul,Roman victory,50.5; 4.75,Julius Caesar,Boduognatus,Roman Republic,Nervii; Viromandui; Atrebates Aduatuci,about 42;000 men (8 legions with cavalry and auxiliaries),300;000 men - 25;000 skilled warriors,5;000-6;000 killed or wounded,c.50;000 killed or wounded,0,0
57 BC,57 BC,Battle of Octodurus,Gaul,Roman victory,46.1; 7.067,Servius Galba,,Roman Republic,Seduni; Veragri,about 5;000 men (1 legion),30000,,c.10;000 killed or wounded,0,0
53 BC,53 BC,Battle of Carrhae,Near Carrhae (Harran),Decisive Parthian victory,36.866667; 39.033333,"Marcus Licinius Crassus  †;
Publius Licinius Crassus  †;
Gaius Cassius Longinus",Surena,Roman Republic,Parthian Empire,"35;000 legionaries;
4;000 cavalry;
4;000 light infantry","9;000 horse archers;
1;000 cataphracts","20;000 dead;
10;000 captured",very light,0,0
52 BC,52 BC,Battle of Alesia,Alise-Sainte-Reine,Decisive Roman victory; the final conquest of Gaul,47.537; 4.5,Julius Caesar,"Vercingetorix
Commius",Roman Republic,Gallic Tribe,"50;000[citation needed] (12 legions with cavalry and auxiliaries):
30;000[citation needed] besiegers;
30;000[citation needed] defenders","180;000-330;000:[1]
80;000 besieged;
120;000-250;000 relief forces
300.000 says Plutarco","
12;800[citation needed] killed or wounded","between 56;000 to 90;000 of relief force
40;000 besieged[citation needed] captured",0,0
49 BC; June,49 BC,Battle of Ilerda,Ilerda (modern-day Lleida); Spain,Caesarian victory,41.367; -1,Julius Caesar,Lucius Afranius Marcus Petreius Marcus Terentius Varro,Populares,Optimates,,,,,1,0
49 BC; 24 August,49 BC,Battle of the Bagradas River,North Africa,Optimate victory,37.116667; 10.216667,Gaius Scribonius Curio†,Publius Attius Varus King Juba of Numidia,Populares,Optimates,,,,,1,0
48 BC; 10 July,48 BC,Battle of Dyrrhachium,Dyrrhachium (today Durrës),Optimates victory,1.316667; 19.45,Gnaeus Pompeius Magnus,Gaius Julius Caesar,Optimates,Populares,45;000+,15000,2000,1000,1,0
48 BC; 9 August,48 BC,Battle of Pharsalus,Pharsalus (Greece),Decisive Caesarian victory.,39.3; 22.383333,Gaius Julius Caesar Mark Antony,Gnaeus Pompeius Magnus,Populares,Optimates,Approximately 22;000 legionaries; 5;000–10;000 Auxiliaries and Allies; and Allied Cavalry of 1800,Approximately 40;000–60;000 legionaries; 4;200 Auxiliaries and Allies; and Allied Cavalry of 5;000–8;000,1200,6000,1,0
47 BC; February,47 BC,Battle of the Nile,Nile Delta,Roman victory,30.9; 31.117,Julius Caesar Cleopatra VII Mithridates I,Ptolemy XIII Arsinoe IV,Caesar's & Cleopatra's forces,Ptolemeic forces,20000,c.20;000,,,0,0
47 BC; May,47 BC,Battle of Zela,Zile,Decisive Roman victory,40.3; 35.883,Julius Caesar,Pharnaces II of Pontus,,,,,,,0,0
46 BC; 4 January,46 BC,Battle of Ruspina,Ruspina; modern Tunisia,Caesarian victory,35.783333; 10.833333,Gaius Julius Caesar,Titus Labienus,Populares,Optimates,40000,32000,2000,6000,1,0
46 BC; 6 February,46 BC,Battle of Thapsus,Thapsus (Tunisia); modern Ras Dimas,Caesarian victory,35.625833; 11.045,G. Julius Caesar,Quintus Caecilius Metellus Pius Scipio Nasica Marcus Petreius Juba I of Numidia,Populares,Optimates; Numidia ,60;000 (at least 10 legions); 5.000 cavalry,72;000 (at least 12 legions); 14;500 cavalry Juba's allied troops with 60 elephants,1000,30000,1,0
45 BC; 17 March,45 BC,Battle of Munda,Campus Mundensis; probably near La Lantejuela; Andalusia; modern southern Spain,Decisive Caesarian victory,37.35; -5.216667,Gaius Julius Caesar Subordinate cavalry commanders: Gaius Octavius; Marcus Agrippa,Titus Labienus †; Publius Attius Varus †; Gnaeus Pompeius,Populares,Optimates,8 legions; 8;000 cavalry total: circa 40;000 men,13 legions; cavalry and auxiliaries total: circa 70;000 men,1000,30000,1,0
43 BC; 14 April,43 BC,Battle of Forum Gallorum,Northern Italy,Republican victory,44.596667; 11.052778,Gaius Vibius Pansa Caetronianus† Aulus Hirtius Gaius Julius Caesar Octavianus,Mark Antony,Roman Republic,Mark Antony's forces,,,,,1,0
43 BC; 21 April,43 BC,Battle of Mutina II,,,44.65; 10.933333,,,,,,,,,1,0
42 BC; 3 October,42 BC,First Battle of Philippi,Philippi,Decisive victory for the Triumvirs,41.013056; 24.286389,Octavian and Mark Antony,Brutus† and Cassius†,Triumvirs; by Lex Titia de jure administering the Roman Republic,Liberators; controlling the east Supported by Egypt and the Parthian Empire,19 legions; allied cavalry 33;000; total over 100;000 men; up to 223;000 troops if auxiliary numbers matched legionary numbers,17 legions; allied cavalry 17;000; total about 100;000 men; up to 187;000 troops if auxiliary numbers matched legionary numbers,?,Surrender of entire army,1,0
42 BC; 23 October,42 BC,Second Battle of Philippi,Philippi,Decisive victory for the Triumvirs,41.013056; 24.286389,Octavian and Mark Antony,Brutus† and Cassius†,Triumvirs; by Lex Titia de jure administering the Roman Republic,Liberators; controlling the east Supported by Egypt and the Parthian Empire,19 legions; allied cavalry 33;000; total over 100;000 men; up to 223;000 troops if auxiliary numbers matched legionary numbers,17 legions; allied cavalry 17;000; total about 100;000 men; up to 187;000 troops if auxiliary numbers matched legionary numbers,?,Surrender of entire army,1,0
41 BC,41 BC,Battle of Perugia,Perugia,Octavian victory,43.1107009; 12.389172,Octavian,Lucius Antonius; Fulvia,Octavian's forces,allies of Mark Antony,,at least 8 legions,,,1,0
36 BC,36 BC,Battle of Naulochus,off Naulochus; Sicily,Octavian victory,38.216667; 15.233333,Sextus Pompeius,Marcus Vipsanius Agrippa,Pompeians,Octavian,300 ships,300 ships,28 ships sunk; 17 fled; the others captured,3 ships,1,1
31 BC; 2 September,31 BC,Battle of Actium,Ionian sea; near the city of Actium in Greece,Decisive Octavian victory;,38.93444; 20.73861,Marcus Vipsanius Agrippa,Mark Antony Cleopatra VII,Octavian's supporters and forces,Ptolemaic Egypt Mark Antony's supporters,250 galleys 16;000 soldiers and 3;000 archers.,290 galleys 30-50 Transports 20;000 soldiers 2;000 archers,About 2;500 killed,Over 5;000 killed; 200 ships sunk or captured,1,1
11 BC,11 BC,Battle of the Lupia River,Lower Lippe River;  Germany,Roman victory,51.650833; 6.604167,Nero Claudius Drusus,unknown, Roman Empire,Sicambri,unknown,unknown,unknown,unknown,0,0
9/9/2011,11,Battle of the Teutoburg Forest,Osnabrück County; Lower Saxony,Decisive Germanic victory Roman Empire's strategic withdrawal from Magna Germania,52.408056; 8.129444,Arminius,Publius Quinctilius Varus,Germanic tribes (Cherusci; Marsi; Chatti; Bructeri; Chauci and Sicambri).,Roman Empire,Unknown; but estimates range from 12;000 - 32;000,20;000 - max. 36;000: 3 Roman legions (XVII; XVIII/XIIX; and XIX/XVIIII); 3 alae and 6 auxiliary cohorts,unknown,20;000 dead[2][3] several enslaved,0,0
16,16,Battle of the Weser River,On the Weser River,Roman victory,53.53556; 8.56556,Germanicus,Arminius Inviomerus,Roman Empire,Germanic tribes,4-8 legions,unknown,unknown,unknown,0,0
43,43,Battle of the Medway,Kent,Roman victory,51.440; 0.742,Aulus Plautius,Togodumnus; Caratacus,Roman Empire,British tribes,24000,17000,850,5000,0,0
49,49,King Cotys,,,,,,,,,,,,0,0
50,50,Battle of Caer Caradoc,Unknown. Possibly Herefordshire Beacon or Caer Caradoc Hill,Decisive Roman victory,52.0582; -2.3518,Publius Ostorius Scapula,Caratacus,Roman Empire,Britons Ordovices Silures? ,21000,25000,1200,7;000+,0,0
58,58,Artaxata,,,39.95389; 44.55056,,,,,,,,,0,0
59,59,Tigranocerta,,,38.142222; 41.001389,,,,,,,,,0,0
60,60,Battle of Camulodunum,,,51.892; 0.898,,,,,,,,,0,0
61,61,Battle of Watling Street,Watling Street,Decisive Roman victory; end of Boudica's revolt; Roman rule secured,52.65625; -1.927139,Gaius Suetonius Paulinus,Boudica †,Roman Empire,Iceni; Trinovantes; and other British peoples,10000,Tacitus claims 100;000; Dio claims 230;000; modern estimates~ 50;000[1],Tacitus claims 400,Tacitus claims 80;000,0,0
62,62,Battle of Rhandeia,Armenia,Arsacids established on Armenian throne as Roman clients,,Gnaeus Domitius Corbulo Tigranes VI of Armenia Lucius Caesennius Paetus,Tiridates I of Armenia Vologases I of Parthia,Roman Empire and vassals: Sophene; Lesser Armenia; Iberia; Commagene; Pontus,Kingdom of Armenia; Parthian Empire,,,,,0,0
66,66,Battle of Beth-Horon,Bethoron,Jewish Victory,,,,Roman Empire,Jews of Iudaea Province,,,1 Legion destroyed,Unknown,0,0
69; Winter,69,Battle of 'Forum Julii',near Forum Julii; Gallia Narbonensis,Othonian victory,43.43299; 6.736984,Suedius Clemens,Julius Classicus; Fabius Valens (not present at battle),Othonian (Imperial) forces,Vitellianist forces,Unknown; but significantly larger than the opposition,Approx. 1900 infantry and 24;000 cavalry,Unknown,Exact numbers unknown; but a significant amount of infantry is included,1,0
4/14/1969,69,Battle of Bedriacum,,,45.133333; 10.45,,,,,,,,,1,0
10/24/1969,69,Second Battle of Bedriacum,,,45.133333; 10.45,,,,,,,,,1,0
84,84,Battle of Mons Graupius,North-east Scotland[1],Roman victory,56.916667; -2.5,Gnaeus Julius Agricola,Calgacus,Roman Empire,Caledonian Confederacy,17;000-30;000,15;000-30;000+,360,10000,0,0
101,101,Second Battle of Tapae,Transylvania; Romania,Indecisive Roman victory,45.5056; 22.7247,Decebalus,Trajan,Dacia,Roman Empire,150;000-200;000,Total:9-11 Legions (70;000-80;000) 7 professional legions; 2-4 mixed legions ,unknown,unknown,0,0
102,102,Battle of Tropheum Traiani - Adamclisi,Adamclisi; Dobruja; Romania,Decisive Roman victory,44.079167; 27.954167,unknown,Trajan,Dacia and its allies,Roman Empire,around 15;000 Sarmatians and Dacians,unknown,the vast majority of the army,4;000 men killed,0,0
106,106,Battle of Sarmisegetuza,Transylvania; Romania,Decisive Roman victory; part of Dacia annexed to the Roman Empire,45.6225; 23.31,Decebalus,Trajan,Dacia,Roman Empire,20000,100000,,,0,0
170,170,Battle of Carnuntum,,,,,,,,,,,,0,0
179,179,Battle of Laugaricio,,,,,,,,,,,,0,0
180,180,Quadi,,,,,,,,,,,,0,0
193,193,,,,,,,,,,,,,0,0
193,193,Battle of Cyzicus,,,,,,,,,,,,0,0
193,193,Battle of Nicaea,Nicaea in Anatolia,victory for Septimus Severus,40.42867; 29.71867,Septimus Severus,Pescennius Niger,forces of Septimus Severus,forces of Pescennius Niger,,,,,1,0
194,194,Battle of Issus (194),Issus; Asia Minor,decisive victory for Septimus Severus,36.83833; 36.16444,Septimus Severus,Pescennius Niger,forces of Septimus Severus,forces of Pescennius Niger,,,,,1,0
2/17/0197,197,Battle of Lugdunum,Lugdunum (modern Lyon),Severus victorious,45.759722; 4.819444,Septimius Severus,Clodius Albinus†,Roman legions of Pannonia; Illyricum; Moesia and Dacia,Roman legions of Britannia and Hispania,55;000-75;000,55;000-75;000,Unknown but severe,Unknown but severe,1,0
217,217,Battle of Nisibis (217),Nisibis; Southern Turkey,Parthian victory,37.066667; 41.216667,Artabanus IV,Macrinus,Parthian Empire,Roman Empire,Unknown,Unknown,Heavy,Heavy,0,0
6/18/0218,218,Battle of Antioch,near Antioch; Syria,Elagabalus victory.,36.2; 36.15,Macrinus,Gannys,Roman Empire Macrinus,Roman Empire Elagabalus,,at least two legions,,,1,0
238,238,Battle of Carthage (238),Near Carthage,Maximinus victory,36.853056; 10.323056,Cappelianus,Gordian II †,Numidian forces loyal to Roman Emperor Maximinus Thrax,Forces of Gordian I and Gordian II,one legion other veteran units,larger army of untrained militia,,,1,0
243,243,Battle of Resaena,Resaena; Mesopotamia (Ras al-Ayn; Syria),Roman victory[1],32.083333; 34.95,Timesitheus,Shapur I,Roman Empire,Sassanid Empire,,,,,0,0
250,250,Battle of Philippopolis,,,42.15; 24.75,,,,,,,,,0,0
7/1/0251,251,Battle of Abrittus,Moesia Inferior (modern Razgrad;  Bulgaria),Decisive Gothic victory,43.51; 26.54,Decius† Herennius Etruscus†,Cniva, Roman Empire,Goths,Unknown,Unknown,Unknown,Unknown,0,0
259,259,Battle of Mediolanum,Mediolanum (modern Milan);  Italy,Roman victory; Tactical win for Alamanni; Roman retreat behind the Rhine,45.464167; 9.190278,Gallienus,Unknown, Roman Empire, Alamanni,60;000 armed,300;000 (warriors & civilians),Unknown,300000,0,0
260,260,Battle of Edessa,Edessa; Mesopotamia (southern Turkey),Decisive Sassanid victory,37.15; 38.8,Shapur I,Valerian,Sassanid Empire,Roman Empire,40000,70000,Minimal,Entire Force[1][2],0,0
268,268,Battle of Naissus,Naissus (Niš in present-day Serbia),Gothic army annihilated,43.3; 21.9,Claudius II,unknown, Roman Empire,Goths,unknown,unknown,unknown,Unknown,0,0
268,268,Battle of Lake Benacus,Lake Garda; modern  Italy,Decisive Roman victory[1],45.58060; 10.62053,Claudius II,Unknown, Roman Empire, Alamanni,35000,100000,4700,50000,0,0
271,271,Battle of Placentia,near modern Piacenza;  Italy,Alamanni victory,45.047778; 9.700556,Unknown,Aurelian, Alamanni, Roman Empire,10;000 warriors,10;000 legionaries 5;000 auxiliary troops,2000-3000 dead and wounded,6000 dead 4000 wounded,0,0
271,271,Battle of Fano,on the Metaurus River near Fano;  Italy,Roman victory,43.833333; 13.016667,Unknown,Aurelian, Alamanni, Roman Empire,21000,19000,3000,900,0,0
271,271,Battle of Pavia (271),near Pavia; Lombardy;  Italy,destruction of the Alamanni Army.,45.183333; 9.15,Aurelian,Unknown, Roman Empire, Alamanni,40000,125000,9500,100;000+,0,0
272,272,Battle of Immae,Immae; near Antioch,Roman victory,,Aurelian,Zenobia Zabdas,Roman Empire,Palmyrene Empire,,,,,1,0
272,272,Battle of Emesa,Emesa,Roman victory,,Aurelian,Zenobia Zabdas,Roman Empire,Palmyrene Empire,,,,,1,0
274,274,Battle of ChÃ¢lons (274),,,,,,,,,,,,0,0
285,285,Battle of the Margus,River Margus; Moesia,Diocletian victory,,,,Diocletian,Carinus,,,,,1,0
296,296,Battle of Callinicum,Ar-Raqqah; northern Syria,Stalemate,,Azarethes Al-Mundhir III ibn al-Nu'man,Belisarius Hermogenes Al-Harith ibn Jabalah,Sassanid Empire Lakhmids,Byzantine Empire Ghassanids,~20;000[1],20000,Heavy,Heavy,0,0
298,298,Battle of Lingones,near Langres; modern  France,Roman victory,,Constantius Chlorus,Unknown, Roman Empire, Alamanni,80000,130000,10000,60000,0,0
298,298,Battle of Vindonissa,Vindonissa; modern  Switzerland,Roman victory,,Constantius Chlorus,Unknown, Roman Empire, Alamanni,50000,32000,1475,5600,0,0
312,312,Battle of Turin,Turin,Constantinian victory,,Constantine I,,Constantinian forces,Maxentian forces,40000,100000,,,1,0
312,312,Battle of Verona,Verona,Constantinian victory,,Constantine I,Ruricius Pompeianus†,Constantinian forces,Maxentian forces,,,,,1,0
10/28/0312,312,Battle of Milvian Bridge,Ponte Milvio; Rome,Decisive Constantinian Victory,41.93556; 12.46694,Constantine I,Maxentius†,Constantinian forces,Maxentian forces,~40;000 men[citation needed],~100;000 men[citation needed],Unknown,Unknown,1,0
10/30/0313,313,Battle of Tzirallum,near Heraclea Sintica,Licinius is victorious,41.28472; 31.41472,Licinius,Maximinus,forces of Licinius,forces of Maximinus,30000,70000,,,1,0
10/8/0314,314,Battle of Cibalae,Colonia Aurelia Cibalae (modern Vinkovci; Croatia),Constantinian victory,45.283333; 18.8,Constantine,Licinius,Constantine I,Licinius,20;000[1],35;000[1],Unknown,20;000[2],1,0
316,316,Battle of Mardia,the basin of Ardas River; Greece or Harmanli; Bulgaria,Constantinian victory,41.933; 25.9,Constantine I,Licinius; Valerius Valens,Constantine,Licinius,unknown,unknown,unknown,unknown,1,0
7/3/0324,324,Battle of Adrianople,near Adrianople,Constantinian victory,41.666667; 26.566667,Constantine I,Licinius,forces of Constantine (Western Empire),forces of Licinius (Eastern Empire),130;000[1],165;000[1],unknown,34;000 dead[1],1,0
324; July,324,Battle of the Hellespont,the Hellespont (Dardanelles),Constantinian victory,40.2; 26.4,Crispus,Abantus,Constantinian fleet,Licinian fleet,200 ships,350 ships,,,1,1
9/18/0324,324,Battle of Chrysopolis,Chrysopolis; near Chalcedon,Constantinian victory,40.983333; 29.033333,Constantine,Licinius,Constantine I,Licinius,,,,,1,0
344,344,Battle of Singara,Singara; Mesopotamia,Roman victory; Unsuccessful Persian siege,37.066667; 41.216667,Shapur II,Constantius II,Sassanid Empire,Roman Empire,,,Minimal,Minimal,0,0
351,351,Battle of Mursa Major,Mursa; Pannonia (modern Osijek; Croatia),Constantius victory,45.557531; 18.679589,Magnentius,Constantius II,Roman Empire,Roman Empire,about 35;000,about 60;000,25000,30000,1,0
353,353,Battle of Mons Seleucus,La Bâtie-Montsaléon; France,Constantius decisive victory,44.456944; 5.75,Magnentius,Constantius II,Roman Empire,Roman Empire,,,,,1,0
356,356,Battle of Reims,Reims; modern  France,Alamanni victory,49.26278; 4.03472,Julian the Apostate,Unknown, Roman Empire, Alamanni,Unknown,Unknown,Unknown,Unknown,0,0
357,357,Battle of Strasbourg,Strasbourg; Alsace; modern  France,Decisive Roman victory,48.584445; 7.748612,Julian (Caesar) Severus (magister equitum),Chnodomar (high king) Serapio (2nd-in-command), Roman Empire, Alamanni,13;000[1] - 15;000[2] including ca. 3;000 cavalry[3],15;000[4] - 35;000 warriors[5] (midpoint: 25;000),243 killed[6],8;000 dead:[7] 6;000 killed in battlefield[6] 2;000 drowned crossing the river Rhine[6],0,0
359,359,Battle of Amida,Amida; Anatolia,Decisive Sassanid victory,37.917; 40.217,Ursicinus,Shapur II; Grumbates,Roman Empire,Sassanid Empire,,,,,0,0
363,363,Battle of Ctesiphon,Ctesiphon; Mesopotamia,Tactical Roman victory,33.1; 44.583,Julian,Merena,Roman Empire,Sassanid Empire,60000,Unknown,70 dead,2;500 dead,0,0
366,366,Battle of Thyatira,Thyatira; Phrygia (modern Turkey),Valens victory,38.92; 27.836111,Valens,Gomoarius,Roman Empire,Procopius,,,,,0,0
367,367,Battle of Solicinium,Southwest-Germany; south of the Limes; see article,Roman victory,49.412222; 8.71,Valentinian I,Unknown, Roman Empire, Alamanni,Unknown,Unknown,heavy,Unknown,0,0
377,377,Battle of the Willows,Ad Salices (exact unknown); in Moesia; Bulgaria,Draw,43.216667; 27.566667,Richomeres; Profuturus; Traianus,Fritigern,Roman Empire,Goths,unknown,unknown,many,many,0,0
378,378,Battle of Argentovaria,Argentovaria; near Colmar; modern  France,Decisive Roman victory,48.081667; 7.355556,Mallobaudes Naniemus,Priarius†, Roman Empire, Lentienses,Unknown,40000,Unknown,30;000-35;000 dead 5000 captured,0,0
8/9/0378,378,Battle of Adrianople,Near Adrianople,Decisive Gothic victory,41.81639; 26.54667,Emperor Valens †,Fritigern Alatheus Saphrax,Eastern Roman Empire,Goths,40;000–50;000,50;000–60;000,25;000–30;000,Unknown (probably moderate),0,0
380,380,Battle of Thessalonica,,,40.65; 22.9,,,,,,,,,0,0
388,388,Battle of the Save,Sava river; near Siscia; modern Croatia,Eastern Roman victory,44.824167; 20.443889,Theodosius I,Magnus Maximus,Eastern Roman Empire,forces of Magnus Maximus,,,,,1,0
9/6/0394,394,Battle of the Frigidus,Frigidus river; modern Slovenia,Theodosius gains Western Empire,45.8704111; 13.9361556,Theodosius I; Timasius Stilicho; Alaric,Eugenius†; Arbogast†,Eastern Roman Empire,Western Roman Empire,unknown; but included 20;000 Goths[1][dubious – discuss],,Unknown,Unknown,1,0
4/6/0402,402,Battle of Pollentia,Pollentia; modern Pollenza; near Asti; Italy,Minor Roman victory,44.684739; 7.895866,Stilicho,Alaric I,Roman Empire,Visigoths,,,,,1,0
402; June,402,Battle of Verona,near Verona; Italy,Roman victory,45.433333; 10.983333,Stilicho,Alaric I,Roman Empire,Visigoths,,,,,0,0
12/31/0406,406,Battle of Mainz,Mainz; modern  Germany,Vandalic victory,50; 8.271111,unknown,Godegisel† Respendial,Franks,Vandals Suevi Alans,unknown,unknown,unknown,30;000 Vandals dead,0,0
8/24/0410,410,Sack of Rome,Rome,Visigoth Victory,41.9; 12.5,Honorius,Alaric I,Western Roman Empire,Visigoths,18000,39000,15;000 total; 8500 wounded; unknown civilian losses.,17;000 total; 8600 wounded.,0,0
432,432,Battle of Ravenna,near Rimini; present-day Italy,Bonifacius victorious; but mortally wounded,44.417; 12.2,Bonifacius,Flavius Aëtius,forces of Bonifacius,forces of Flavius Aëtius,,,Bonifacius mortally wounded,,1,0
436,436,Battle of Narbonne,Narbonne; France,Roman victory,43.184277; 3.003078,Flavius Aetius,Theodoric I,Western Roman Empire,Visigoths,,,,,0,0
447,447,Battle of the Utus,near Vit river; Bulgaria,Roman defeat,43.61; 24.68,General Arnegisclus,Attila the Hun,Eastern Roman Empire,Huns,unknown,30;000 men,heavy,heavy,0,0
451 June,451,Battle of ChÃ¢lons,,,,,,,,,,,,0,0
455,455,Sack of Rome,Rome,Vandalic victory,41.9; 12.5,Petronius Maximus,Genseric,Western Roman Empire,Vandals,,,,,0,0
486,486,Battle of Soissons,near Soissons; Aisne,Frankish victory,,Syagrius,Clovis I,Domain of Soissons,Franks,,,,,0,0
493,493,Battle of Mons Badonicus,Unknown; various locations possible,Major Briton victory; Saxon expansion halted for many decades,,Unknown; by later traditions King Arthur,Unknown; possibly Ælle,Britons,Anglo-Saxons,Unknown in detail; but tradition says the siege was relieved by cavalry,Unknown in detail; but apparently major concentration of available forces,Unknown,Unknown; apparently heavy,0,0
530,530,Battle of Dara,Dara; southern Turkey,Byzantine victory,37.183333; 40.933333,Belisarius; Hermogenes; Pharas; John,Firouz; Pityaxes; Baresmanas †,Byzantine Empire; Heruli; Huns,Sassanid Empire,25;000 men[1],50;000 men[2] (originally 40;000 men[1]),Unknown,8;000+ men[3],0,0
531,531,Battle of Callinicum,Ar-Raqqah; northern Syria,Stalemate,35.95; 39.016667,Azarethes Al-Mundhir III ibn al-Nu'man,Belisarius Hermogenes Al-Harith ibn Jabalah,Sassanid Empire Lakhmids,Byzantine Empire Ghassanids,~20;000[1],20000,Heavy,Heavy,0,0
9/13/0533,533,Battle of Ad Decimum,Near Carthage,Byzantine victory,36.853056; 10.323056,Belisarius,Gelimer,Byzantine Empire,Vandal Kingdom,15;000 men,11;000 men,Unknown,Unknown,0,0
12/15/0533,533,Battle of Tricamarum,Near Carthage,Byzantine victory,36.853056; 10.323056,Flavius Belisarius,Gelimer,Byzantine Empire,Vandalic Kingdom,10;000 infantry; 5;000 cavalry,50000,Unknown,3000,0,0
546,546,Sack of Rome,Rome,Ostrogothic victory,41.9; 12.5,,Totila,Eastern Roman Empire,Ostrogoths,,,,,0,0
552,552,Battle of Taginae,Taginae; Etruria[2] (Gualdo Tadino; Umbria),Decisive Byzantine victory,43.233333; 12.783333,Narses [1][4],King Totila † [1][4],Byzantine Empire Mercenaries:[3] Lombards; Heruli; Gepids,Ostrogothic Kingdom,20;000 men[5] 5;000 Lombards [3] 3;000 Heruli [3] 400 Gepids [3],15;000 men[5],Unknown,6;000 Killed[1][4],0,0
553,553,Battle of Mons Lactarius,Monti Lattari; Campania; Italy,Decisive Byzantine victory,,Narses,Teia†,Byzantine Empire,Ostrogothic Kingdom,,,,,0,0
554; October,554,Battle of the Volturnus,Volturno River; Italy,Decisive Byzantine victory,41.091667; 14.056667,Narses,Butilinus,Byzantine Empire; Heruli (Roman foederati),Franks; Alemanni,18;000 men[1],20;000 men[1] (originally 30;000 men)[1],minimal,very heavy,0,0
586,586,Battle of Solachon,south of Dara; Mesopotamia,Byzantine victory,37.183333; 40.933333,Philippicus,Kardarigan,Byzantine Empire,Sassanid Empire,,,,,0,0